vid,action_pred_1,action_pred_2,action_pred_3,action_pred_4,action_pred_5,body_pred_1,body_pred_2,body_pred_3,body_pred_4,body_pred_5
test0000.mp4,9,5,6,8,7,1,1,1,1,1
test0001.mp4,30,31,24,26,29,3,3,3,3,3
test0002.mp4,20,8,19,17,7,2,1,2,2,1
test0003.mp4,47,43,10,24,31,5,5,1,3,3
test0004.mp4,17,23,18,19,22,2,2,2,2,2
test0005.mp4,7,9,8,10,6,1,1,1,1,1
test0006.mp4,24,31,30,21,9,3,3,3,2,1
test0007.mp4,16,7,6,27,8,2,1,1,3,1
test0008.mp4,29,49,27,0,31,3,6,3,0,3
test0009.mp4,10,8,9,21,24,1,1,1,2,3
test0010.mp4,9,5,7,8,6,1,1,1,1,1
test0011.mp4,22,32,38,39,7,2,4,5,5,1
test0012.mp4,23,22,20,48,5,2,2,2,6,1
test0013.mp4,8,10,6,7,9,1,1,1,1,1
test0014.mp4,8,7,5,10,9,1,1,1,1,1
test0015.mp4,47,43,10,24,9,5,5,1,3,1
test0016.mp4,0,49,10,1,31,0,6,1,0,3
test0017.mp4,1,30,27,49,29,0,3,3,6,3
test0018.mp4,22,7,17,5,8,2,1,2,1,1
test0019.mp4,24,21,31,13,30,3,2,3,2,3
test0020.mp4,31,10,0,9,21,3,1,0,1,2
test0021.mp4,9,6,7,8,10,1,1,1,1,1
test0022.mp4,10,7,50,49,9,1,1,6,6,1
test0023.mp4,11,22,7,14,8,2,2,1,2,1
test0024.mp4,24,21,10,9,8,3,2,1,1,1
test0025.mp4,24,8,10,7,21,3,1,1,1,2
test0026.mp4,9,10,8,5,6,1,1,1,1,1
test0027.mp4,0,1,49,31,10,0,0,6,3,1
test0028.mp4,9,10,1,6,7,1,1,0,1,1
test0029.mp4,8,22,7,10,9,1,2,1,1,1
test0030.mp4,29,30,7,5,8,3,3,1,1,1
test0031.mp4,49,7,48,24,50,6,1,6,3,6
test0032.mp4,8,10,16,49,22,1,1,2,6,2
test0033.mp4,19,17,48,22,15,2,2,6,2,2
test0034.mp4,9,10,8,7,5,1,1,1,1,1
test0035.mp4,7,30,9,8,10,1,3,1,1,1
test0036.mp4,0,49,1,48,50,0,6,0,6,6
test0037.mp4,17,23,48,19,22,2,2,6,2,2
test0038.mp4,8,24,9,10,6,1,3,1,1,1
test0039.mp4,29,30,49,1,31,3,3,6,0,3
test0040.mp4,19,49,48,8,17,2,6,6,1,2
test0041.mp4,10,8,9,7,6,1,1,1,1,1
test0042.mp4,21,13,14,49,11,2,2,2,6,2
test0043.mp4,11,10,12,8,33,2,1,2,1,4
test0044.mp4,9,24,21,10,8,1,3,2,1,1
test0045.mp4,22,17,7,18,8,2,2,1,2,1
test0046.mp4,10,8,9,24,6,1,1,1,3,1
test0047.mp4,8,21,7,10,22,1,2,1,1,2
test0048.mp4,8,10,7,9,22,1,1,1,1,2
test0049.mp4,10,6,8,9,7,1,1,1,1,1
test0050.mp4,7,8,6,21,10,1,1,1,2,1
test0051.mp4,10,8,7,9,6,1,1,1,1,1
test0052.mp4,26,7,27,5,49,3,1,3,1,6
test0053.mp4,10,8,7,9,6,1,1,1,1,1
test0054.mp4,9,6,8,30,13,1,1,1,3,2
test0055.mp4,5,24,0,12,29,1,3,0,2,3
test0056.mp4,13,49,48,30,6,2,6,6,3,1
test0057.mp4,9,10,8,6,5,1,1,1,1,1
test0058.mp4,9,8,7,5,10,1,1,1,1,1
test0059.mp4,7,8,22,17,10,1,1,2,2,1
test0060.mp4,48,49,30,9,29,6,6,3,1,3
test0061.mp4,48,23,49,1,2,6,2,6,0,0
test0062.mp4,6,5,7,8,9,1,1,1,1,1
test0063.mp4,39,38,22,32,5,5,5,2,4,1
test0064.mp4,10,8,9,7,12,1,1,1,1,2
test0065.mp4,49,5,8,9,26,6,1,1,1,3
test0066.mp4,8,7,19,5,6,1,1,2,1,1
test0067.mp4,0,1,49,48,19,0,0,6,6,2
test0068.mp4,5,30,12,49,6,1,3,2,6,1
test0069.mp4,36,8,0,10,49,4,1,0,1,6
test0070.mp4,10,0,31,21,49,1,0,3,2,6
test0071.mp4,16,14,6,10,21,2,2,1,1,2
test0072.mp4,12,9,16,21,24,2,1,2,2,3
test0073.mp4,47,43,24,15,33,5,5,3,2,4
test0074.mp4,10,31,0,8,7,1,3,0,1,1
test0075.mp4,31,9,29,25,10,3,1,3,3,1
test0076.mp4,5,22,8,9,12,1,2,1,1,2
test0077.mp4,8,10,49,9,7,1,1,6,1,1
test0078.mp4,41,43,22,7,42,5,5,2,1,5
test0079.mp4,7,8,10,9,49,1,1,1,1,6
test0080.mp4,8,49,7,31,10,1,6,1,3,1
test0081.mp4,9,31,0,1,10,1,3,0,0,1
test0082.mp4,34,24,31,2,7,4,3,3,0,1
test0083.mp4,1,27,5,9,30,0,3,1,1,3
test0084.mp4,19,17,9,48,8,2,2,1,6,1
test0085.mp4,9,10,8,11,5,1,1,1,2,1
test0086.mp4,38,7,39,40,10,5,1,5,5,1
test0087.mp4,21,22,7,8,49,2,2,1,1,6
test0088.mp4,48,19,17,15,22,6,2,2,2,2
test0089.mp4,47,43,24,10,41,5,5,3,1,5
test0090.mp4,10,0,31,7,9,1,0,3,1,1
test0091.mp4,11,35,26,12,37,2,4,3,2,4
test0092.mp4,29,30,13,9,27,3,3,2,1,3
test0093.mp4,30,49,1,0,29,3,6,0,0,3
test0094.mp4,29,30,27,31,49,3,3,3,3,6
test0095.mp4,22,15,7,17,5,2,2,1,2,1
test0096.mp4,30,29,31,26,28,3,3,3,3,3
test0097.mp4,17,22,23,13,19,2,2,2,2,2
test0098.mp4,23,19,20,22,21,2,2,2,2,2
test0099.mp4,47,43,10,5,8,5,5,1,1,1
test0100.mp4,8,21,16,24,10,1,2,2,3,1
test0101.mp4,24,31,30,21,26,3,3,3,2,3
test0102.mp4,30,31,24,26,21,3,3,3,3,2
test0103.mp4,9,6,8,10,7,1,1,1,1,1
test0104.mp4,1,0,13,10,49,0,0,2,1,6
test0105.mp4,22,19,17,23,7,2,2,2,2,1
test0106.mp4,8,10,9,21,7,1,1,1,2,1
test0107.mp4,27,7,1,49,9,3,1,0,6,1
test0108.mp4,31,0,21,1,13,3,0,2,0,2
test0109.mp4,9,8,10,5,6,1,1,1,1,1
test0110.mp4,30,49,9,6,48,3,6,1,1,6
test0111.mp4,24,13,21,26,31,3,2,2,3,3
test0112.mp4,10,8,9,21,7,1,1,1,2,1
test0113.mp4,9,10,8,5,7,1,1,1,1,1
test0114.mp4,7,5,6,8,10,1,1,1,1,1
test0115.mp4,9,7,30,6,49,1,1,3,1,6
test0116.mp4,49,7,48,0,10,6,1,6,0,1
test0117.mp4,7,8,6,9,24,1,1,1,1,3
test0118.mp4,15,17,22,18,41,2,2,2,2,5
test0119.mp4,9,10,8,6,7,1,1,1,1,1
test0120.mp4,48,19,17,22,30,6,2,2,2,3
test0121.mp4,22,48,17,19,15,2,6,2,2,2
test0122.mp4,11,19,10,8,6,2,2,1,1,1
test0123.mp4,14,23,13,22,19,2,2,2,2,2
test0124.mp4,9,8,10,5,6,1,1,1,1,1
test0125.mp4,43,41,8,44,7,5,5,1,5,1
test0126.mp4,49,24,0,16,10,6,3,0,2,1
test0127.mp4,24,31,30,21,29,3,3,3,2,3
test0128.mp4,9,10,8,7,5,1,1,1,1,1
test0129.mp4,6,10,8,16,24,1,1,1,2,3
test0130.mp4,8,7,48,10,0,1,1,6,1,0
test0131.mp4,24,27,16,26,23,3,3,2,3,2
test0132.mp4,42,41,40,43,5,5,5,5,5,1
test0133.mp4,41,43,40,47,46,5,5,5,5,5
test0134.mp4,21,23,20,22,19,2,2,2,2,2
test0135.mp4,9,10,8,5,6,1,1,1,1,1
test0136.mp4,6,9,8,7,21,1,1,1,1,2
test0137.mp4,17,48,22,19,7,2,6,2,2,1
test0138.mp4,21,22,23,7,16,2,2,2,1,2
test0139.mp4,18,17,22,48,7,2,2,2,6,1
test0140.mp4,31,0,21,10,1,3,0,2,1,0
test0141.mp4,10,8,9,7,22,1,1,1,1,2
test0142.mp4,21,6,13,14,9,2,1,2,2,1
test0143.mp4,9,10,24,49,8,1,1,3,6,1
test0144.mp4,7,8,10,9,5,1,1,1,1,1
test0145.mp4,9,7,8,5,10,1,1,1,1,1
test0146.mp4,21,24,13,8,9,2,3,2,1,1
test0147.mp4,49,2,1,48,24,6,0,0,6,3
test0148.mp4,0,10,7,31,9,0,1,1,3,1
test0149.mp4,21,9,24,31,6,2,1,3,3,1
test0150.mp4,9,10,8,49,16,1,1,1,6,2
test0151.mp4,0,26,7,29,30,0,3,1,3,3
test0152.mp4,17,23,7,48,22,2,2,1,6,2
test0153.mp4,12,31,9,29,24,2,3,1,3,3
test0154.mp4,36,49,34,8,12,4,6,4,1,2
test0155.mp4,21,9,6,23,7,2,1,1,2,1
test0156.mp4,10,8,9,7,21,1,1,1,1,2
test0157.mp4,5,8,50,6,20,1,1,6,1,2
test0158.mp4,32,38,39,22,44,4,5,5,2,5
test0159.mp4,44,32,22,41,15,5,4,2,5,2
test0160.mp4,9,10,8,7,49,1,1,1,1,6
test0161.mp4,8,10,7,49,6,1,1,1,6,1
test0162.mp4,5,9,12,0,7,1,1,2,0,1
test0163.mp4,49,24,9,31,7,6,3,1,3,1
test0164.mp4,42,40,38,46,41,5,5,5,5,5
test0165.mp4,8,49,10,24,6,1,6,1,3,1
test0166.mp4,21,6,9,7,8,2,1,1,1,1
test0167.mp4,9,7,8,10,49,1,1,1,1,6
test0168.mp4,30,9,10,8,7,3,1,1,1,1
test0169.mp4,0,8,9,10,7,0,1,1,1,1
test0170.mp4,10,8,9,7,6,1,1,1,1,1
test0171.mp4,8,10,9,12,31,1,1,1,2,3
test0172.mp4,31,0,10,1,7,3,0,1,0,1
test0173.mp4,22,15,17,7,18,2,2,2,1,2
test0174.mp4,30,49,27,1,7,3,6,3,0,1
test0175.mp4,4,5,1,0,12,0,1,0,0,2
test0176.mp4,17,19,48,23,22,2,2,6,2,2
test0177.mp4,5,12,22,19,7,1,2,2,2,1
test0178.mp4,49,48,50,24,7,6,6,6,3,1
test0179.mp4,43,47,22,41,46,5,5,2,5,5
test0180.mp4,48,22,7,19,17,6,2,1,2,2
test0181.mp4,0,10,7,31,9,0,1,1,3,1
test0182.mp4,50,10,49,16,9,6,1,6,2,1
test0183.mp4,9,0,31,5,6,1,0,3,1,1
test0184.mp4,19,17,22,23,20,2,2,2,2,2
test0185.mp4,42,40,41,5,10,5,5,5,1,1
test0186.mp4,26,30,29,31,28,3,3,3,3,3
test0187.mp4,49,50,10,7,22,6,6,1,1,2
test0188.mp4,23,20,17,22,8,2,2,2,2,1
test0189.mp4,21,16,10,6,7,2,2,1,1,1
test0190.mp4,32,39,38,22,34,4,5,5,2,4
test0191.mp4,12,23,15,48,33,2,2,2,6,4
test0192.mp4,17,22,19,48,9,2,2,2,6,1
test0193.mp4,38,39,32,44,9,5,5,4,5,1
test0194.mp4,10,8,9,7,6,1,1,1,1,1
test0195.mp4,49,48,50,7,24,6,6,6,1,3
test0196.mp4,50,49,1,0,4,6,6,0,0,0
test0197.mp4,8,10,7,9,5,1,1,1,1,1
test0198.mp4,48,19,17,30,23,6,2,2,3,2
test0199.mp4,31,24,30,29,21,3,3,3,3,2
test0200.mp4,5,42,12,11,7,1,5,2,2,1
test0201.mp4,7,49,48,6,8,1,6,6,1,1
test0202.mp4,10,8,6,1,37,1,1,1,0,4
test0203.mp4,17,23,19,48,22,2,2,2,6,2
test0204.mp4,23,22,43,15,44,2,2,5,2,5
test0205.mp4,6,7,8,9,5,1,1,1,1,1
test0206.mp4,10,8,7,9,0,1,1,1,1,0
test0207.mp4,24,8,10,21,31,3,1,1,2,3
test0208.mp4,11,37,22,12,26,2,4,2,2,3
test0209.mp4,24,31,21,8,10,3,3,2,1,1
test0210.mp4,22,21,8,7,31,2,2,1,1,3
test0211.mp4,21,24,13,16,9,2,3,2,2,1
test0212.mp4,9,7,6,8,10,1,1,1,1,1
test0213.mp4,8,9,7,10,30,1,1,1,1,3
test0214.mp4,8,10,0,7,31,1,1,0,1,3
test0215.mp4,22,47,7,41,49,2,5,1,5,6
test0216.mp4,17,49,48,7,23,2,6,6,1,2
test0217.mp4,49,24,48,7,2,6,3,6,1,0
test0218.mp4,21,6,7,8,24,2,1,1,1,3
test0219.mp4,10,7,8,9,49,1,1,1,1,6
test0220.mp4,14,21,16,23,22,2,2,2,2,2
test0221.mp4,10,7,8,9,6,1,1,1,1,1
test0222.mp4,40,41,17,42,43,5,5,2,5,5
test0223.mp4,17,7,48,23,49,2,1,6,2,6
test0224.mp4,49,0,1,13,31,6,0,0,2,3
test0225.mp4,8,6,7,10,5,1,1,1,1,1
test0226.mp4,17,40,23,44,38,2,5,2,5,5
test0227.mp4,41,43,42,47,22,5,5,5,5,2
test0228.mp4,12,22,29,42,50,2,2,3,5,6
test0229.mp4,17,23,22,19,20,2,2,2,2,2
test0230.mp4,9,7,10,8,22,1,1,1,1,2
test0231.mp4,19,17,22,48,15,2,2,2,6,2
test0232.mp4,23,20,19,8,21,2,2,2,1,2
test0233.mp4,49,48,27,7,23,6,6,3,1,2
test0234.mp4,19,49,48,23,0,2,6,6,2,0
test0235.mp4,9,8,10,7,49,1,1,1,1,6
test0236.mp4,9,8,21,10,6,1,1,2,1,1
test0237.mp4,9,10,8,7,49,1,1,1,1,6
test0238.mp4,21,6,10,9,8,2,1,1,1,1
test0239.mp4,0,4,3,17,50,0,0,0,2,6
test0240.mp4,7,8,17,22,10,1,1,2,2,1
test0241.mp4,42,40,41,10,5,5,5,5,1,1
test0242.mp4,17,20,23,18,19,2,2,2,2,2
test0243.mp4,0,1,49,10,48,0,0,6,1,6
test0244.mp4,15,22,18,17,41,2,2,2,2,5
test0245.mp4,41,43,46,47,22,5,5,5,5,2
test0246.mp4,1,49,0,9,31,0,6,0,1,3
test0247.mp4,24,31,21,30,13,3,3,2,3,2
test0248.mp4,24,31,27,16,10,3,3,3,2,1
test0249.mp4,21,5,22,4,49,2,1,2,0,6
test0250.mp4,5,38,43,7,6,1,5,5,1,1
test0251.mp4,29,49,30,12,5,3,6,3,2,1
test0252.mp4,22,18,17,7,19,2,2,2,1,2
test0253.mp4,10,8,12,9,26,1,1,2,1,3
test0254.mp4,9,21,8,10,24,1,2,1,1,3
test0255.mp4,10,25,50,36,51,1,3,6,4,6
test0256.mp4,7,8,9,10,5,1,1,1,1,1
test0257.mp4,0,31,21,10,7,0,3,2,1,1
test0258.mp4,9,5,22,48,17,1,1,2,6,2
test0259.mp4,0,10,49,1,31,0,1,6,0,3
test0260.mp4,30,29,7,9,49,3,3,1,1,6
test0261.mp4,10,7,11,8,6,1,1,2,1,1
test0262.mp4,5,9,7,49,17,1,1,1,6,2
test0263.mp4,10,8,9,7,31,1,1,1,1,3
test0264.mp4,9,10,8,5,6,1,1,1,1,1
test0265.mp4,13,14,21,24,16,2,2,2,3,2
test0266.mp4,6,21,5,24,31,1,2,1,3,3
test0267.mp4,19,5,24,7,10,2,1,3,1,1
test0268.mp4,24,16,21,13,14,3,2,2,2,2
test0269.mp4,7,8,10,0,9,1,1,1,0,1
test0270.mp4,9,8,6,49,10,1,1,1,6,1
test0271.mp4,8,10,9,5,7,1,1,1,1,1
test0272.mp4,23,48,12,0,7,2,6,2,0,1
test0273.mp4,35,32,15,12,11,4,4,2,2,2
test0274.mp4,10,8,9,7,21,1,1,1,1,2
test0275.mp4,15,17,22,19,18,2,2,2,2,2
test0276.mp4,6,10,9,8,7,1,1,1,1,1
test0277.mp4,23,22,8,48,20,2,2,1,6,2
test0278.mp4,10,49,9,24,8,1,6,1,3,1
test0279.mp4,17,23,19,48,22,2,2,2,6,2
test0280.mp4,31,0,10,7,21,3,0,1,1,2
test0281.mp4,4,30,1,29,28,0,3,0,3,3
test0282.mp4,41,42,43,46,40,5,5,5,5,5
test0283.mp4,31,9,0,1,21,3,1,0,0,2
test0284.mp4,44,40,41,39,38,5,5,5,5,5
test0285.mp4,21,6,7,10,8,2,1,1,1,1
test0286.mp4,18,17,22,7,19,2,2,2,1,2
test0287.mp4,10,48,49,1,0,1,6,6,0,0
test0288.mp4,1,0,9,31,13,0,0,1,3,2
test0289.mp4,10,31,9,7,8,1,3,1,1,1
test0290.mp4,37,2,22,47,17,4,0,2,5,2
test0291.mp4,10,9,7,8,5,1,1,1,1,1
test0292.mp4,9,7,10,8,6,1,1,1,1,1
test0293.mp4,42,40,10,41,7,5,5,1,5,1
test0294.mp4,5,9,22,49,12,1,1,2,6,2
test0295.mp4,17,20,19,18,22,2,2,2,2,2
test0296.mp4,12,9,10,8,7,2,1,1,1,1
test0297.mp4,8,9,7,10,6,1,1,1,1,1
test0298.mp4,9,11,5,8,6,1,2,1,1,1
test0299.mp4,22,17,18,15,7,2,2,2,2,1
test0300.mp4,10,8,36,12,9,1,1,4,2,1
test0301.mp4,8,7,6,5,10,1,1,1,1,1
test0302.mp4,47,43,10,24,2,5,5,1,3,0
test0303.mp4,36,8,49,48,34,4,1,6,6,4
test0304.mp4,22,17,19,5,23,2,2,2,1,2
test0305.mp4,22,43,41,8,7,2,5,5,1,1
test0306.mp4,10,24,8,31,21,1,3,1,3,2
test0307.mp4,6,27,5,9,26,1,3,1,1,3
test0308.mp4,0,7,21,31,49,0,1,2,3,6
test0309.mp4,21,22,24,31,14,2,2,3,3,2
test0310.mp4,9,10,8,7,5,1,1,1,1,1
test0311.mp4,10,6,7,9,8,1,1,1,1,1
test0312.mp4,41,17,30,22,29,5,2,3,2,3
test0313.mp4,9,6,10,30,7,1,1,1,3,1
test0314.mp4,12,26,27,24,30,2,3,3,3,3
test0315.mp4,22,39,32,38,17,2,5,4,5,2
test0316.mp4,10,8,7,9,6,1,1,1,1,1
test0317.mp4,41,43,46,22,18,5,5,5,2,2
test0318.mp4,9,10,7,8,22,1,1,1,1,2
test0319.mp4,24,10,9,8,31,3,1,1,1,3
test0320.mp4,49,12,48,9,24,6,2,6,1,3
test0321.mp4,49,7,2,1,48,6,1,0,0,6
test0322.mp4,9,10,8,6,7,1,1,1,1,1
test0323.mp4,49,24,14,13,50,6,3,2,2,6
test0324.mp4,17,48,22,19,9,2,6,2,2,1
test0325.mp4,48,17,23,49,7,6,2,2,6,1
test0326.mp4,8,10,9,7,5,1,1,1,1,1
test0327.mp4,19,48,17,22,9,2,6,2,2,1
test0328.mp4,8,7,10,5,0,1,1,1,1,0
test0329.mp4,9,10,8,5,6,1,1,1,1,1
test0330.mp4,10,9,6,8,7,1,1,1,1,1
test0331.mp4,8,7,10,9,6,1,1,1,1,1
test0332.mp4,42,5,43,41,40,5,1,5,5,5
test0333.mp4,8,10,11,7,9,1,1,2,1,1
test0334.mp4,8,13,20,48,23,1,2,2,6,2
test0335.mp4,39,32,15,38,22,5,4,2,5,2
test0336.mp4,49,0,2,48,10,6,0,0,6,1
test0337.mp4,9,8,10,49,6,1,1,1,6,1
test0338.mp4,30,29,1,49,10,3,3,0,6,1
test0339.mp4,7,10,8,6,9,1,1,1,1,1
test0340.mp4,8,6,7,21,10,1,1,1,2,1
test0341.mp4,48,17,22,19,30,6,2,2,2,3
test0342.mp4,10,7,8,6,9,1,1,1,1,1
test0343.mp4,23,8,20,10,6,2,1,2,1,1
test0344.mp4,48,36,8,18,49,6,4,1,2,6
test0345.mp4,17,7,18,22,0,2,1,2,2,0
test0346.mp4,10,49,9,8,7,1,6,1,1,1
test0347.mp4,7,10,8,9,0,1,1,1,1,0
test0348.mp4,10,31,1,0,49,1,3,0,0,6
test0349.mp4,9,10,8,5,6,1,1,1,1,1
test0350.mp4,0,31,49,1,10,0,3,6,0,1
test0351.mp4,6,9,8,10,5,1,1,1,1,1
test0352.mp4,10,8,9,7,22,1,1,1,1,2
test0353.mp4,10,49,0,31,1,1,6,0,3,0
test0354.mp4,31,49,0,9,1,3,6,0,1,0
test0355.mp4,32,41,43,44,35,4,5,5,5,4
test0356.mp4,44,41,19,23,38,5,5,2,2,5
test0357.mp4,49,0,31,1,10,6,0,3,0,1
test0358.mp4,50,20,49,1,23,6,2,6,0,2
test0359.mp4,17,19,23,15,22,2,2,2,2,2
test0360.mp4,22,15,12,9,10,2,2,2,1,1
test0361.mp4,31,0,9,10,1,3,0,1,1,0
test0362.mp4,22,17,19,29,40,2,2,2,3,5
test0363.mp4,25,3,50,0,30,3,0,6,0,3
test0364.mp4,49,24,13,14,50,6,3,2,2,6
test0365.mp4,9,31,5,6,0,1,3,1,1,0
test0366.mp4,22,23,5,19,12,2,2,1,2,2
test0367.mp4,5,29,12,25,30,1,3,2,3,3
test0368.mp4,19,22,0,17,32,2,2,0,2,4
test0369.mp4,27,26,9,7,1,3,3,1,1,0
test0370.mp4,10,8,9,7,12,1,1,1,1,2
test0371.mp4,16,21,9,6,7,2,2,1,1,1
test0372.mp4,7,10,9,0,8,1,1,1,0,1
test0373.mp4,22,7,18,17,8,2,1,2,2,1
test0374.mp4,49,0,31,10,26,6,0,3,1,3
test0375.mp4,48,17,23,49,19,6,2,2,6,2
test0376.mp4,25,49,30,5,26,3,6,3,1,3
test0377.mp4,10,8,9,7,12,1,1,1,1,2
test0378.mp4,19,17,22,15,42,2,2,2,2,5
test0379.mp4,31,0,10,7,21,3,0,1,1,2
test0380.mp4,8,7,9,6,10,1,1,1,1,1
test0381.mp4,10,11,8,7,9,1,2,1,1,1
test0382.mp4,14,21,12,11,36,2,2,2,2,4
test0383.mp4,7,10,8,9,6,1,1,1,1,1
test0384.mp4,21,10,8,7,22,2,1,1,1,2
test0385.mp4,24,12,30,31,26,3,2,3,3,3
test0386.mp4,8,10,49,7,24,1,1,6,1,3
test0387.mp4,27,26,30,1,7,3,3,3,0,1
test0388.mp4,7,8,10,9,49,1,1,1,1,6
test0389.mp4,49,9,0,24,31,6,1,0,3,3
test0390.mp4,7,8,5,9,10,1,1,1,1,1
test0391.mp4,49,1,4,30,27,6,0,0,3,3
test0392.mp4,9,8,21,10,6,1,1,2,1,1
test0393.mp4,9,10,8,5,6,1,1,1,1,1
test0394.mp4,6,8,10,9,1,1,1,1,1,0
test0395.mp4,9,6,8,7,21,1,1,1,1,2
test0396.mp4,48,49,19,17,8,6,6,2,2,1
test0397.mp4,10,9,8,12,7,1,1,1,2,1
test0398.mp4,21,8,10,22,7,2,1,1,2,1
test0399.mp4,8,21,7,13,16,1,2,1,2,2
test0400.mp4,10,8,9,7,6,1,1,1,1,1
test0401.mp4,25,8,3,0,36,3,1,0,0,4
test0402.mp4,12,7,8,5,9,2,1,1,1,1
test0403.mp4,0,7,8,31,9,0,1,1,3,1
test0404.mp4,23,20,8,21,13,2,2,1,2,2
test0405.mp4,20,19,23,22,17,2,2,2,2,2
test0406.mp4,9,10,8,48,49,1,1,1,6,6
test0407.mp4,6,10,9,7,8,1,1,1,1,1
test0408.mp4,9,10,8,7,0,1,1,1,1,0
test0409.mp4,48,49,17,7,23,6,6,2,1,2
test0410.mp4,16,24,27,14,26,2,3,3,2,3
test0411.mp4,40,22,42,38,32,5,2,5,5,4
test0412.mp4,21,14,16,13,23,2,2,2,2,2
test0413.mp4,31,0,10,7,21,3,0,1,1,2
test0414.mp4,24,8,9,21,10,3,1,1,2,1
test0415.mp4,7,0,31,10,24,1,0,3,1,3
test0416.mp4,7,24,31,27,10,1,3,3,3,1
test0417.mp4,22,17,19,18,7,2,2,2,2,1
test0418.mp4,48,17,23,19,7,6,2,2,2,1
test0419.mp4,0,31,10,1,49,0,3,1,0,6
test0420.mp4,19,22,17,15,23,2,2,2,2,2
test0421.mp4,39,38,32,22,15,5,5,4,2,2
test0422.mp4,49,0,48,1,9,6,0,6,0,1
test0423.mp4,43,46,41,42,22,5,5,5,5,2
test0424.mp4,24,27,31,26,21,3,3,3,3,2
test0425.mp4,48,49,9,7,19,6,6,1,1,2
test0426.mp4,40,42,41,45,17,5,5,5,5,2
test0427.mp4,9,12,29,26,7,1,2,3,3,1
test0428.mp4,7,8,10,9,5,1,1,1,1,1
test0429.mp4,33,15,22,41,32,4,2,2,5,4
test0430.mp4,10,8,9,7,12,1,1,1,1,2
test0431.mp4,7,5,30,17,8,1,1,3,2,1
test0432.mp4,21,23,13,6,8,2,2,2,1,1
test0433.mp4,13,17,19,15,22,2,2,2,2,2
test0434.mp4,9,10,8,5,7,1,1,1,1,1
test0435.mp4,25,5,24,12,9,3,1,3,2,1
test0436.mp4,22,32,43,46,47,2,4,5,5,5
test0437.mp4,9,10,8,7,5,1,1,1,1,1
test0438.mp4,9,10,8,5,6,1,1,1,1,1
test0439.mp4,10,8,12,9,49,1,1,2,1,6
test0440.mp4,8,10,7,9,49,1,1,1,1,6
test0441.mp4,8,7,31,5,9,1,1,3,1,1
test0442.mp4,9,0,10,1,31,1,0,1,0,3
test0443.mp4,0,10,7,31,9,0,1,1,3,1
test0444.mp4,26,29,27,30,9,3,3,3,3,1
test0445.mp4,29,31,30,26,27,3,3,3,3,3
test0446.mp4,9,24,27,31,10,1,3,3,3,1
test0447.mp4,9,10,8,5,7,1,1,1,1,1
test0448.mp4,9,7,8,10,49,1,1,1,1,6
test0449.mp4,11,31,29,2,4,2,3,3,0,0
test0450.mp4,9,10,8,7,31,1,1,1,1,3
test0451.mp4,8,6,9,10,5,1,1,1,1,1
test0452.mp4,7,30,8,9,10,1,3,1,1,1
test0453.mp4,10,8,9,7,6,1,1,1,1,1
test0454.mp4,11,37,17,19,31,2,4,2,2,3
test0455.mp4,49,50,24,0,9,6,6,3,0,1
test0456.mp4,1,13,0,49,14,0,2,0,6,2
test0457.mp4,1,0,31,7,21,0,0,3,1,2
test0458.mp4,10,8,9,7,6,1,1,1,1,1
test0459.mp4,8,7,5,10,6,1,1,1,1,1
test0460.mp4,24,31,30,21,13,3,3,3,2,2
test0461.mp4,10,8,9,21,7,1,1,1,2,1
test0462.mp4,22,8,17,12,9,2,1,2,2,1
test0463.mp4,29,28,0,30,25,3,3,0,3,3
test0464.mp4,23,19,20,22,17,2,2,2,2,2
test0465.mp4,10,8,21,7,6,1,1,2,1,1
test0466.mp4,19,15,33,8,17,2,2,4,1,2
test0467.mp4,7,9,10,8,49,1,1,1,1,6
test0468.mp4,10,8,9,7,12,1,1,1,1,2
test0469.mp4,10,8,9,21,24,1,1,1,2,3
test0470.mp4,10,9,6,8,7,1,1,1,1,1
test0471.mp4,7,10,8,9,6,1,1,1,1,1
test0472.mp4,18,22,17,7,41,2,2,2,1,5
test0473.mp4,24,31,9,8,10,3,3,1,1,1
test0474.mp4,29,10,49,48,31,3,1,6,6,3
test0475.mp4,49,29,30,31,6,6,3,3,3,1
test0476.mp4,22,48,17,15,19,2,6,2,2,2
test0477.mp4,6,21,8,13,7,1,2,1,2,1
test0478.mp4,10,8,9,7,21,1,1,1,1,2
test0479.mp4,13,29,9,6,48,2,3,1,1,6
test0480.mp4,10,8,7,9,6,1,1,1,1,1
test0481.mp4,35,11,32,37,12,4,2,4,4,2
test0482.mp4,8,7,10,21,6,1,1,1,2,1
test0483.mp4,31,0,10,7,21,3,0,1,1,2
test0484.mp4,47,43,5,41,22,5,5,1,5,2
test0485.mp4,48,17,49,7,23,6,2,6,1,2
test0486.mp4,4,30,17,1,27,0,3,2,0,3
test0487.mp4,36,0,8,10,49,4,0,1,1,6
test0488.mp4,6,5,8,7,10,1,1,1,1,1
test0489.mp4,10,8,9,7,17,1,1,1,1,2
test0490.mp4,21,6,7,8,9,2,1,1,1,1
test0491.mp4,1,49,10,4,2,0,6,1,0,0
test0492.mp4,0,49,24,7,10,0,6,3,1,1
test0493.mp4,9,8,6,5,7,1,1,1,1,1
test0494.mp4,48,5,12,49,11,6,1,2,6,2
test0495.mp4,10,8,7,9,5,1,1,1,1,1
test0496.mp4,9,10,13,21,8,1,1,2,2,1
test0497.mp4,43,41,46,42,22,5,5,5,5,2
test0498.mp4,48,49,29,19,30,6,6,3,2,3
test0499.mp4,27,9,31,30,26,3,1,3,3,3
test0500.mp4,21,8,7,31,24,2,1,1,3,3
test0501.mp4,0,49,48,1,19,0,6,6,0,2
test0502.mp4,9,8,10,6,21,1,1,1,1,2
test0503.mp4,44,40,17,41,22,5,5,2,5,2
test0504.mp4,31,0,9,1,21,3,0,1,0,2
test0505.mp4,9,10,8,6,7,1,1,1,1,1
test0506.mp4,42,41,43,7,46,5,5,5,1,5
test0507.mp4,11,14,12,26,46,2,2,2,3,5
test0508.mp4,20,23,8,19,16,2,2,1,2,2
test0509.mp4,50,10,9,49,8,6,1,1,6,1
test0510.mp4,43,22,42,41,46,5,2,5,5,5
test0511.mp4,39,38,32,44,22,5,5,4,5,2
test0512.mp4,12,22,48,49,29,2,2,6,6,3
test0513.mp4,44,41,39,32,40,5,5,5,4,5
test0514.mp4,49,13,1,0,50,6,2,0,0,6
test0515.mp4,10,8,7,9,6,1,1,1,1,1
test0516.mp4,9,10,8,5,6,1,1,1,1,1
test0517.mp4,8,10,49,7,9,1,1,6,1,1
test0518.mp4,19,0,15,48,22,2,0,2,6,2
test0519.mp4,22,33,15,19,12,2,4,2,2,2
test0520.mp4,9,7,8,10,6,1,1,1,1,1
test0521.mp4,23,20,13,14,21,2,2,2,2,2
test0522.mp4,30,29,12,25,24,3,3,2,3,3
test0523.mp4,49,48,24,2,0,6,6,3,0,0
test0524.mp4,38,40,22,39,42,5,5,2,5,5
test0525.mp4,24,31,21,30,8,3,3,2,3,1
test0526.mp4,43,22,5,0,7,5,2,1,0,1
test0527.mp4,22,15,17,19,33,2,2,2,2,4
test0528.mp4,22,17,15,7,18,2,2,2,1,2
test0529.mp4,22,8,7,17,5,2,1,1,2,1
test0530.mp4,10,0,7,31,9,1,0,1,3,1
test0531.mp4,17,19,23,22,10,2,2,2,2,1
test0532.mp4,8,10,7,0,9,1,1,1,0,1
test0533.mp4,27,49,48,7,26,3,6,6,1,3
test0534.mp4,25,28,30,5,12,3,3,3,1,2
test0535.mp4,9,7,10,8,6,1,1,1,1,1
test0536.mp4,9,7,8,5,10,1,1,1,1,1
test0537.mp4,17,48,23,19,7,2,6,2,2,1
test0538.mp4,9,10,8,7,6,1,1,1,1,1
test0539.mp4,10,8,7,0,22,1,1,1,0,2
test0540.mp4,29,12,0,5,30,3,2,0,1,3
test0541.mp4,21,8,22,14,7,2,1,2,2,1
test0542.mp4,47,43,22,41,44,5,5,2,5,5
test0543.mp4,9,8,10,5,6,1,1,1,1,1
test0544.mp4,31,24,30,7,8,3,3,3,1,1
test0545.mp4,11,31,1,12,48,2,3,0,2,6
test0546.mp4,8,10,9,7,5,1,1,1,1,1
test0547.mp4,33,15,12,23,22,4,2,2,2,2
test0548.mp4,24,31,30,13,26,3,3,3,2,3
test0549.mp4,9,10,8,5,7,1,1,1,1,1
test0550.mp4,21,22,14,23,13,2,2,2,2,2
test0551.mp4,22,17,18,7,15,2,2,2,1,2
test0552.mp4,50,5,51,49,22,6,1,6,6,2
test0553.mp4,9,13,21,6,8,1,2,2,1,1
test0554.mp4,34,9,36,32,12,4,1,4,4,2
test0555.mp4,9,8,5,10,7,1,1,1,1,1
test0556.mp4,21,6,9,7,10,2,1,1,1,1
test0557.mp4,10,49,9,24,8,1,6,1,3,1
test0558.mp4,27,9,43,10,30,3,1,5,1,3
test0559.mp4,7,10,8,9,6,1,1,1,1,1
test0560.mp4,49,50,24,9,10,6,6,3,1,1
test0561.mp4,9,49,7,10,8,1,6,1,1,1
test0562.mp4,43,47,22,41,46,5,5,2,5,5
test0563.mp4,1,30,49,0,31,0,3,6,0,3
test0564.mp4,15,33,22,32,17,2,4,2,4,2
test0565.mp4,0,31,10,7,8,0,3,1,1,1
test0566.mp4,21,24,8,10,13,2,3,1,1,2
test0567.mp4,10,8,7,31,9,1,1,1,3,1
test0568.mp4,43,41,22,46,8,5,5,2,5,1
test0569.mp4,9,21,6,8,10,1,2,1,1,1
test0570.mp4,27,26,9,7,1,3,3,1,1,0
test0571.mp4,20,23,17,19,22,2,2,2,2,2
test0572.mp4,9,31,8,10,0,1,3,1,1,0
test0573.mp4,21,10,8,7,22,2,1,1,1,2
test0574.mp4,9,7,10,8,5,1,1,1,1,1
test0575.mp4,12,33,11,15,35,2,4,2,2,4
test0576.mp4,1,6,10,7,49,0,1,1,1,6
test0577.mp4,8,10,7,5,9,1,1,1,1,1
test0578.mp4,49,8,10,48,6,6,1,1,6,1
test0579.mp4,10,9,31,1,0,1,1,3,0,0
test0580.mp4,10,8,9,7,12,1,1,1,1,2
test0581.mp4,10,8,7,12,9,1,1,1,2,1
test0582.mp4,20,48,23,19,22,2,6,2,2,2
test0583.mp4,9,5,10,8,31,1,1,1,1,3
test0584.mp4,17,22,19,7,18,2,2,2,1,2
test0585.mp4,0,31,10,1,49,0,3,1,0,6
test0586.mp4,17,48,23,7,22,2,6,2,1,2
test0587.mp4,10,9,7,31,8,1,1,1,3,1
test0588.mp4,8,10,0,7,9,1,1,0,1,1
test0589.mp4,8,49,10,7,9,1,6,1,1,1
test0590.mp4,8,6,10,9,7,1,1,1,1,1
test0591.mp4,29,49,1,30,9,3,6,0,3,1
test0592.mp4,8,10,7,49,9,1,1,1,6,1
test0593.mp4,20,23,22,17,19,2,2,2,2,2
test0594.mp4,24,0,49,31,10,3,0,6,3,1
test0595.mp4,24,8,10,31,7,3,1,1,3,1
test0596.mp4,10,8,7,9,49,1,1,1,1,6
test0597.mp4,8,7,6,9,10,1,1,1,1,1
test0598.mp4,31,9,10,0,7,3,1,1,0,1
test0599.mp4,0,8,7,10,9,0,1,1,1,1
test0600.mp4,38,40,7,42,22,5,5,1,5,2
test0601.mp4,29,48,30,22,23,3,6,3,2,2
test0602.mp4,11,8,31,6,7,2,1,3,1,1
test0603.mp4,44,22,39,40,38,5,2,5,5,5
test0604.mp4,5,12,9,20,42,1,2,1,2,5
test0605.mp4,50,49,51,22,7,6,6,6,2,1
test0606.mp4,10,8,9,7,12,1,1,1,1,2
test0607.mp4,17,18,22,15,41,2,2,2,2,5
test0608.mp4,10,9,8,7,5,1,1,1,1,1
test0609.mp4,10,8,9,7,22,1,1,1,1,2
test0610.mp4,25,30,48,19,49,3,3,6,2,6
test0611.mp4,9,10,8,7,6,1,1,1,1,1
test0612.mp4,6,8,9,10,5,1,1,1,1,1
test0613.mp4,10,9,8,7,12,1,1,1,1,2
test0614.mp4,19,22,17,33,15,2,2,2,4,2
test0615.mp4,10,8,9,12,7,1,1,1,2,1
test0616.mp4,11,7,6,9,5,2,1,1,1,1
test0617.mp4,0,31,10,7,21,0,3,1,1,2
test0618.mp4,17,22,15,48,19,2,2,2,6,2
test0619.mp4,47,43,41,5,24,5,5,5,1,3
test0620.mp4,17,9,19,15,24,2,1,2,2,3
test0621.mp4,12,49,29,33,7,2,6,3,4,1
test0622.mp4,19,23,15,22,33,2,2,2,2,4
test0623.mp4,9,10,8,5,6,1,1,1,1,1
test0624.mp4,20,23,17,19,5,2,2,2,2,1
test0625.mp4,10,8,9,7,22,1,1,1,1,2
test0626.mp4,22,19,15,17,33,2,2,2,2,4
test0627.mp4,10,7,8,9,49,1,1,1,1,6
test0628.mp4,20,17,23,7,19,2,2,2,1,2
test0629.mp4,10,8,9,7,12,1,1,1,1,2
test0630.mp4,7,49,50,51,2,1,6,6,6,0
test0631.mp4,10,8,21,9,7,1,1,2,1,1
test0632.mp4,8,10,7,9,49,1,1,1,1,6
test0633.mp4,20,17,7,18,19,2,2,1,2,2
test0634.mp4,9,0,49,10,48,1,0,6,1,6
test0635.mp4,21,6,23,19,20,2,1,2,2,2
test0636.mp4,10,8,9,7,6,1,1,1,1,1
test0637.mp4,22,15,8,10,5,2,2,1,1,1
test0638.mp4,23,21,8,13,10,2,2,1,2,1
test0639.mp4,49,11,48,7,17,6,2,6,1,2
test0640.mp4,22,30,17,19,48,2,3,2,2,6
test0641.mp4,17,7,19,10,8,2,1,2,1,1
test0642.mp4,1,6,4,5,30,0,1,0,1,3
test0643.mp4,7,10,8,9,6,1,1,1,1,1
test0644.mp4,41,42,44,46,40,5,5,5,5,5
test0645.mp4,9,10,5,8,0,1,1,1,1,0
test0646.mp4,8,21,13,48,20,1,2,2,6,2
test0647.mp4,6,11,7,5,10,1,2,1,1,1
test0648.mp4,17,22,15,7,40,2,2,2,1,5
test0649.mp4,27,29,30,1,10,3,3,3,0,1
test0650.mp4,7,10,8,6,0,1,1,1,1,0
test0651.mp4,48,19,17,15,30,6,2,2,2,3
test0652.mp4,22,17,7,38,40,2,2,1,5,5
test0653.mp4,48,49,19,22,9,6,6,2,2,1
test0654.mp4,22,37,15,48,17,2,4,2,6,2
test0655.mp4,1,30,49,0,9,0,3,6,0,1
test0656.mp4,18,17,48,7,22,2,2,6,1,2
test0657.mp4,24,8,31,21,7,3,1,3,2,1
test0658.mp4,10,8,9,7,6,1,1,1,1,1
test0659.mp4,9,7,8,10,6,1,1,1,1,1
test0660.mp4,9,12,49,8,31,1,2,6,1,3
test0661.mp4,10,8,7,9,22,1,1,1,1,2
test0662.mp4,0,31,10,7,8,0,3,1,1,1
test0663.mp4,49,24,48,2,7,6,3,6,0,1
test0664.mp4,9,10,8,5,7,1,1,1,1,1
test0665.mp4,27,10,26,7,31,3,1,3,1,3
test0666.mp4,22,19,23,17,12,2,2,2,2,2
test0667.mp4,48,19,22,15,17,6,2,2,2,2
test0668.mp4,7,26,6,8,27,1,3,1,1,3
test0669.mp4,23,13,20,17,14,2,2,2,2,2
test0670.mp4,7,8,6,10,5,1,1,1,1,1
test0671.mp4,10,8,9,7,6,1,1,1,1,1
test0672.mp4,10,8,7,0,5,1,1,1,0,1
test0673.mp4,6,16,10,24,7,1,2,1,3,1
test0674.mp4,17,18,22,7,48,2,2,2,1,6
test0675.mp4,22,19,32,23,15,2,2,4,2,2
test0676.mp4,11,7,6,5,8,2,1,1,1,1
test0677.mp4,22,8,49,16,9,2,1,6,2,1
test0678.mp4,20,23,8,10,19,2,2,1,1,2
test0679.mp4,9,22,16,7,10,1,2,2,1,1
test0680.mp4,9,31,10,8,24,1,3,1,1,3
test0681.mp4,49,2,1,48,24,6,0,0,6,3
test0682.mp4,19,17,22,15,48,2,2,2,2,6
test0683.mp4,9,10,8,5,7,1,1,1,1,1
test0684.mp4,22,17,19,23,34,2,2,2,2,4
test0685.mp4,21,22,14,23,28,2,2,2,2,3
test0686.mp4,0,10,31,7,9,0,1,3,1,1
test0687.mp4,43,41,46,22,47,5,5,5,2,5
test0688.mp4,48,49,22,23,8,6,6,2,2,1
test0689.mp4,31,24,30,29,26,3,3,3,3,3
test0690.mp4,0,31,21,10,7,0,3,2,1,1
test0691.mp4,12,22,5,42,34,2,2,1,5,4
test0692.mp4,9,10,8,7,5,1,1,1,1,1
test0693.mp4,9,5,10,8,6,1,1,1,1,1
test0694.mp4,17,11,19,0,48,2,2,2,0,6
test0695.mp4,21,0,22,31,7,2,0,2,3,1
test0696.mp4,0,7,1,10,29,0,1,0,1,3
test0697.mp4,9,8,10,6,21,1,1,1,1,2
test0698.mp4,30,26,27,29,25,3,3,3,3,3
test0699.mp4,22,17,7,8,18,2,2,1,1,2
test0700.mp4,31,24,30,29,21,3,3,3,3,2
test0701.mp4,0,31,10,7,21,0,3,1,1,2
test0702.mp4,4,5,29,31,0,0,1,3,3,0
test0703.mp4,5,9,8,20,7,1,1,1,2,1
test0704.mp4,11,2,7,35,26,2,0,1,4,3
test0705.mp4,16,22,10,8,12,2,2,1,1,2
test0706.mp4,49,0,24,7,9,6,0,3,1,1
test0707.mp4,10,8,22,16,9,1,1,2,2,1
test0708.mp4,9,21,10,8,7,1,2,1,1,1
test0709.mp4,10,9,8,7,6,1,1,1,1,1
test0710.mp4,10,8,9,7,22,1,1,1,1,2
test0711.mp4,10,8,9,7,22,1,1,1,1,2
test0712.mp4,8,10,7,49,5,1,1,1,6,1
test0713.mp4,18,20,17,19,13,2,2,2,2,2
test0714.mp4,17,18,22,7,15,2,2,2,1,2
test0715.mp4,10,30,31,29,26,1,3,3,3,3
test0716.mp4,29,49,1,30,0,3,6,0,3,0
test0717.mp4,0,7,49,24,10,0,1,6,3,1
test0718.mp4,9,10,8,6,7,1,1,1,1,1
test0719.mp4,21,14,13,0,22,2,2,2,0,2
test0720.mp4,7,8,22,17,10,1,1,2,2,1
test0721.mp4,6,7,9,10,8,1,1,1,1,1
test0722.mp4,49,24,13,9,14,6,3,2,1,2
test0723.mp4,10,9,8,21,6,1,1,1,2,1
test0724.mp4,10,19,7,20,9,1,2,1,2,1
test0725.mp4,31,9,0,1,21,3,1,0,0,2
test0726.mp4,10,8,9,7,22,1,1,1,1,2
test0727.mp4,9,10,8,5,6,1,1,1,1,1
test0728.mp4,31,0,21,9,10,3,0,2,1,1
test0729.mp4,17,19,23,48,20,2,2,2,6,2
test0730.mp4,31,9,0,21,10,3,1,0,2,1
test0731.mp4,10,8,7,9,0,1,1,1,1,0
test0732.mp4,21,28,16,31,24,2,3,2,3,3
test0733.mp4,19,48,22,17,15,2,6,2,2,2
test0734.mp4,12,9,16,35,32,2,1,2,4,4
test0735.mp4,10,8,9,0,7,1,1,1,0,1
test0736.mp4,30,48,19,17,22,3,6,2,2,2
test0737.mp4,43,22,41,47,8,5,2,5,5,1
test0738.mp4,49,0,48,1,10,6,0,6,0,1
test0739.mp4,10,8,7,9,6,1,1,1,1,1
test0740.mp4,9,7,10,8,49,1,1,1,1,6
test0741.mp4,39,32,44,5,38,5,4,5,1,5
test0742.mp4,24,31,30,21,26,3,3,3,2,3
test0743.mp4,48,19,9,17,49,6,2,1,2,6
test0744.mp4,17,19,20,22,23,2,2,2,2,2
test0745.mp4,31,9,0,21,10,3,1,0,2,1
test0746.mp4,41,43,22,7,46,5,5,2,1,5
test0747.mp4,0,7,8,10,6,0,1,1,1,1
test0748.mp4,9,6,21,10,8,1,1,2,1,1
test0749.mp4,9,10,8,6,7,1,1,1,1,1
test0750.mp4,31,49,10,0,9,3,6,1,0,1
test0751.mp4,23,19,20,8,21,2,2,2,1,2
test0752.mp4,8,7,5,6,10,1,1,1,1,1
test0753.mp4,1,27,9,30,10,0,3,1,3,1
test0754.mp4,9,10,50,5,7,1,1,6,1,1
test0755.mp4,22,8,18,17,48,2,1,2,2,6
test0756.mp4,17,19,23,48,22,2,2,2,6,2
test0757.mp4,21,10,7,8,0,2,1,1,1,0
test0758.mp4,35,32,12,11,15,4,4,2,2,2
test0759.mp4,8,10,7,49,9,1,1,1,6,1
test0760.mp4,24,8,31,7,30,3,1,3,1,3
test0761.mp4,48,17,22,29,13,6,2,2,3,2
test0762.mp4,17,23,19,20,4,2,2,2,2,0
test0763.mp4,15,33,22,32,17,2,4,2,4,2
test0764.mp4,43,22,41,8,46,5,2,5,1,5
test0765.mp4,4,37,5,11,31,0,4,1,2,3
test0766.mp4,8,10,7,9,21,1,1,1,1,2
test0767.mp4,17,19,49,24,22,2,2,6,3,2
test0768.mp4,10,8,7,6,9,1,1,1,1,1
test0769.mp4,6,12,5,33,8,1,2,1,4,1
test0770.mp4,17,23,48,7,22,2,2,6,1,2
test0771.mp4,9,10,8,5,6,1,1,1,1,1
test0772.mp4,23,20,19,21,22,2,2,2,2,2
test0773.mp4,21,23,22,20,6,2,2,2,2,1
test0774.mp4,49,9,24,50,10,6,1,3,6,1
test0775.mp4,33,15,22,41,32,4,2,2,5,4
test0776.mp4,22,40,41,17,42,2,5,5,2,5
test0777.mp4,43,47,41,10,24,5,5,5,1,3
test0778.mp4,10,8,9,22,7,1,1,1,2,1
test0779.mp4,49,10,24,9,50,6,1,3,1,6
test0780.mp4,9,8,10,5,6,1,1,1,1,1
test0781.mp4,0,7,49,10,31,0,1,6,1,3
test0782.mp4,22,8,17,19,7,2,1,2,2,1
test0783.mp4,51,22,50,30,49,6,2,6,3,6
test0784.mp4,23,20,19,8,7,2,2,2,1,1
test0785.mp4,31,8,0,10,7,3,1,0,1,1
test0786.mp4,24,13,21,14,30,3,2,2,2,3
test0787.mp4,30,5,29,49,27,3,1,3,6,3
test0788.mp4,19,22,17,15,48,2,2,2,2,6
test0789.mp4,17,18,7,22,8,2,2,1,2,1
test0790.mp4,1,0,31,13,10,0,0,3,2,1
test0791.mp4,37,11,31,26,22,4,2,3,3,2
test0792.mp4,17,18,15,22,48,2,2,2,2,6
test0793.mp4,1,30,49,29,0,0,3,6,3,0
test0794.mp4,20,23,48,17,22,2,2,6,2,2
test0795.mp4,48,19,30,15,22,6,2,3,2,2
test0796.mp4,7,8,30,9,5,1,1,3,1,1
test0797.mp4,9,10,8,7,5,1,1,1,1,1
test0798.mp4,8,21,24,13,31,1,2,3,2,3
test0799.mp4,48,17,22,19,6,6,2,2,2,1
test0800.mp4,13,30,48,6,49,2,3,6,1,6
test0801.mp4,9,10,8,7,6,1,1,1,1,1
test0802.mp4,7,0,31,24,21,1,0,3,3,2
test0803.mp4,11,7,24,6,9,2,1,3,1,1
test0804.mp4,23,8,20,21,6,2,1,2,2,1
test0805.mp4,27,30,1,9,7,3,3,0,1,1
test0806.mp4,33,15,12,35,24,4,2,2,4,3
test0807.mp4,8,6,7,9,10,1,1,1,1,1
test0808.mp4,29,39,10,38,22,3,5,1,5,2
test0809.mp4,22,8,32,24,39,2,1,4,3,5
test0810.mp4,17,19,13,48,23,2,2,2,6,2
test0811.mp4,8,10,7,9,0,1,1,1,1,0
test0812.mp4,8,22,10,7,9,1,2,1,1,1
test0813.mp4,49,30,0,7,4,6,3,0,1,0
test0814.mp4,0,7,8,10,9,0,1,1,1,1
test0815.mp4,7,8,10,24,6,1,1,1,3,1
test0816.mp4,49,17,48,23,7,6,2,6,2,1
test0817.mp4,18,17,48,22,7,2,2,6,2,1
test0818.mp4,23,14,20,13,8,2,2,2,2,1
test0819.mp4,49,17,0,50,10,6,2,0,6,1
test0820.mp4,8,49,0,7,5,1,6,0,1,1
test0821.mp4,9,8,10,6,7,1,1,1,1,1
test0822.mp4,0,7,8,29,30,0,1,1,3,3
test0823.mp4,5,49,13,8,48,1,6,2,1,6
test0824.mp4,39,32,44,5,38,5,4,5,1,5
test0825.mp4,9,8,10,49,48,1,1,1,6,6
test0826.mp4,9,5,49,31,29,1,1,6,3,3
test0827.mp4,26,28,30,27,29,3,3,3,3,3
test0828.mp4,8,0,34,36,7,1,0,4,4,1
test0829.mp4,9,10,8,31,0,1,1,1,3,0
test0830.mp4,28,6,21,24,16,3,1,2,3,2
test0831.mp4,49,7,0,2,48,6,1,0,0,6
test0832.mp4,8,7,10,9,6,1,1,1,1,1
test0833.mp4,10,9,11,7,8,1,1,2,1,1
test0834.mp4,36,9,49,10,8,4,1,6,1,1
test0835.mp4,34,8,9,36,0,4,1,1,4,0
test0836.mp4,9,12,49,11,8,1,2,6,2,1
test0837.mp4,25,50,5,22,7,3,6,1,2,1
test0838.mp4,30,13,49,29,6,3,2,6,3,1
test0839.mp4,10,8,7,6,30,1,1,1,1,3
test0840.mp4,24,21,13,31,8,3,2,2,3,1
test0841.mp4,48,17,23,22,9,6,2,2,2,1
test0842.mp4,10,8,7,9,49,1,1,1,1,6
test0843.mp4,9,7,10,8,49,1,1,1,1,6
test0844.mp4,28,8,0,7,6,3,1,0,1,1
test0845.mp4,9,10,8,6,48,1,1,1,1,6
test0846.mp4,47,43,10,8,24,5,5,1,1,3
test0847.mp4,10,8,9,7,22,1,1,1,1,2
test0848.mp4,10,9,21,8,24,1,1,2,1,3
test0849.mp4,21,22,8,7,23,2,2,1,1,2
test0850.mp4,10,8,9,7,6,1,1,1,1,1
test0851.mp4,49,48,19,0,1,6,6,2,0,0
test0852.mp4,8,6,7,5,9,1,1,1,1,1
test0853.mp4,10,8,9,7,21,1,1,1,1,2
test0854.mp4,30,13,29,48,6,3,2,3,6,1
test0855.mp4,48,17,22,19,7,6,2,2,2,1
test0856.mp4,10,8,7,6,9,1,1,1,1,1
test0857.mp4,22,19,15,48,17,2,2,2,6,2
test0858.mp4,17,11,49,48,23,2,2,6,6,2
test0859.mp4,48,17,49,23,7,6,2,6,2,1
test0860.mp4,9,6,7,10,8,1,1,1,1,1
test0861.mp4,32,41,7,8,43,4,5,1,1,5
test0862.mp4,1,6,10,7,17,0,1,1,1,2
test0863.mp4,7,5,8,9,10,1,1,1,1,1
test0864.mp4,8,10,6,21,23,1,1,1,2,2
test0865.mp4,8,10,7,0,9,1,1,1,0,1
test0866.mp4,49,0,13,14,50,6,0,2,2,6
test0867.mp4,49,12,7,9,22,6,2,1,1,2
test0868.mp4,10,7,8,9,49,1,1,1,1,6
test0869.mp4,38,40,7,42,22,5,5,1,5,2
test0870.mp4,30,28,5,29,12,3,3,1,3,2
test0871.mp4,24,10,30,8,26,3,1,3,1,3
test0872.mp4,23,8,20,10,19,2,1,2,1,2
test0873.mp4,31,0,10,1,9,3,0,1,0,1
test0874.mp4,9,10,8,5,6,1,1,1,1,1
test0875.mp4,0,10,7,8,9,0,1,1,1,1
test0876.mp4,7,8,10,9,49,1,1,1,1,6
test0877.mp4,11,14,22,21,26,2,2,2,2,3
test0878.mp4,8,7,22,10,5,1,1,2,1,1
test0879.mp4,31,0,21,9,10,3,0,2,1,1
test0880.mp4,17,23,19,22,48,2,2,2,2,6
test0881.mp4,0,29,30,21,31,0,3,3,2,3
test0882.mp4,9,7,8,10,6,1,1,1,1,1
test0883.mp4,21,6,8,7,10,2,1,1,1,1
test0884.mp4,9,6,10,7,8,1,1,1,1,1
test0885.mp4,13,21,49,1,30,2,2,6,0,3
test0886.mp4,0,31,10,7,21,0,3,1,1,2
test0887.mp4,0,31,10,7,21,0,3,1,1,2
test0888.mp4,23,20,19,8,22,2,2,2,1,2
test0889.mp4,10,21,8,6,7,1,2,1,1,1
test0890.mp4,31,0,21,1,24,3,0,2,0,3
test0891.mp4,21,6,8,7,23,2,1,1,1,2
test0892.mp4,17,22,7,8,19,2,2,1,1,2
test0893.mp4,21,9,22,8,14,2,1,2,1,2
test0894.mp4,9,10,8,5,6,1,1,1,1,1
test0895.mp4,8,36,10,34,9,1,4,1,4,1
test0896.mp4,22,15,18,17,23,2,2,2,2,2
test0897.mp4,17,22,8,7,23,2,2,1,1,2
test0898.mp4,23,20,21,22,13,2,2,2,2,2
test0899.mp4,9,6,7,8,5,1,1,1,1,1
test0900.mp4,20,23,21,17,19,2,2,2,2,2
test0901.mp4,31,0,10,7,9,3,0,1,1,1
test0902.mp4,49,48,5,50,4,6,6,1,6,0
test0903.mp4,10,8,24,9,21,1,1,3,1,2
test0904.mp4,6,8,10,9,1,1,1,1,1,0
test0905.mp4,27,0,26,29,7,3,0,3,3,1
test0906.mp4,27,26,31,16,24,3,3,3,2,3
test0907.mp4,0,27,49,1,48,0,3,6,0,6
test0908.mp4,43,47,41,24,10,5,5,5,3,1
test0909.mp4,49,48,30,9,7,6,6,3,1,1
test0910.mp4,13,29,48,6,49,2,3,6,1,6
test0911.mp4,29,28,7,30,10,3,3,1,3,1
test0912.mp4,49,24,50,9,10,6,3,6,1,1
test0913.mp4,15,30,33,22,48,2,3,4,2,6
test0914.mp4,10,8,9,6,7,1,1,1,1,1
test0915.mp4,7,10,8,9,49,1,1,1,1,6
test0916.mp4,50,51,29,4,49,6,6,3,0,6
test0917.mp4,36,8,10,0,9,4,1,1,0,1
test0918.mp4,0,49,48,19,1,0,6,6,2,0
test0919.mp4,28,29,30,0,26,3,3,3,0,3
test0920.mp4,34,0,36,8,49,4,0,4,1,6
test0921.mp4,7,6,10,0,9,1,1,1,0,1
test0922.mp4,24,21,31,13,30,3,2,3,2,3
test0923.mp4,0,1,49,10,9,0,0,6,1,1
test0924.mp4,30,26,29,31,49,3,3,3,3,6
test0925.mp4,49,9,24,8,10,6,1,3,1,1
test0926.mp4,1,29,30,0,49,0,3,3,0,6
test0927.mp4,10,8,9,7,49,1,1,1,1,6
test0928.mp4,10,8,9,7,21,1,1,1,1,2
test0929.mp4,9,10,7,8,5,1,1,1,1,1
test0930.mp4,30,5,9,29,49,3,1,1,3,6
test0931.mp4,8,10,7,49,9,1,1,1,6,1
test0932.mp4,9,10,5,7,8,1,1,1,1,1
test0933.mp4,49,7,48,50,9,6,1,6,6,1
test0934.mp4,49,17,48,7,23,6,2,6,1,2
test0935.mp4,13,8,6,9,7,2,1,1,1,1
test0936.mp4,4,5,22,1,25,0,1,2,0,3
test0937.mp4,15,22,33,41,17,2,2,4,5,2
test0938.mp4,49,24,48,0,2,6,3,6,0,0
test0939.mp4,49,0,1,13,48,6,0,0,2,6
test0940.mp4,15,33,19,41,13,2,4,2,5,2
test0941.mp4,17,48,49,7,23,2,6,6,1,2
test0942.mp4,9,7,8,10,6,1,1,1,1,1
test0943.mp4,17,19,48,22,15,2,2,6,2,2
test0944.mp4,10,8,9,7,12,1,1,1,1,2
test0945.mp4,41,43,42,46,47,5,5,5,5,5
test0946.mp4,29,26,30,22,28,3,3,3,2,3
test0947.mp4,10,8,9,7,6,1,1,1,1,1
test0948.mp4,36,8,49,10,34,4,1,6,1,4
test0949.mp4,49,48,24,2,7,6,6,3,0,1
test0950.mp4,9,10,5,8,6,1,1,1,1,1
test0951.mp4,24,13,21,14,23,3,2,2,2,2
test0952.mp4,5,17,8,19,7,1,2,1,2,1
test0953.mp4,22,34,15,38,2,2,4,2,5,0
test0954.mp4,21,23,13,14,22,2,2,2,2,2
test0955.mp4,30,1,27,7,9,3,0,3,1,1
test0956.mp4,30,49,9,48,29,3,6,1,6,3
test0957.mp4,48,22,17,19,7,6,2,2,2,1
test0958.mp4,49,7,48,2,24,6,1,6,0,3
test0959.mp4,17,11,23,48,19,2,2,2,6,2
test0960.mp4,13,14,23,21,20,2,2,2,2,2
test0961.mp4,22,17,19,23,15,2,2,2,2,2
test0962.mp4,5,49,12,8,9,1,6,2,1,1
test0963.mp4,9,6,10,8,5,1,1,1,1,1
test0964.mp4,50,7,49,5,22,6,1,6,1,2
test0965.mp4,8,10,31,7,0,1,1,3,1,0
test0966.mp4,37,11,17,22,18,4,2,2,2,2
test0967.mp4,8,7,10,6,5,1,1,1,1,1
test0968.mp4,8,7,21,6,23,1,1,2,1,2
test0969.mp4,48,49,9,12,19,6,6,1,2,2
test0970.mp4,40,42,22,7,41,5,5,2,1,5
test0971.mp4,34,22,8,17,40,4,2,1,2,5
test0972.mp4,33,15,22,41,32,4,2,2,5,4
test0973.mp4,10,6,29,26,30,1,1,3,3,3
test0974.mp4,31,0,9,1,21,3,0,1,0,2
test0975.mp4,24,21,8,10,31,3,2,1,1,3
test0976.mp4,17,22,19,7,18,2,2,2,1,2
test0977.mp4,29,49,30,48,9,3,6,3,6,1
test0978.mp4,0,27,1,10,31,0,3,0,1,3
test0979.mp4,7,8,10,9,22,1,1,1,1,2
test0980.mp4,22,17,40,42,19,2,2,5,5,2
test0981.mp4,24,30,31,21,29,3,3,3,2,3
test0982.mp4,34,8,36,0,12,4,1,4,0,2
test0983.mp4,20,23,17,19,5,2,2,2,2,1
test0984.mp4,9,12,5,8,10,1,2,1,1,1
test0985.mp4,17,11,50,8,15,2,2,6,1,2
test0986.mp4,4,25,5,50,3,0,3,1,6,0
test0987.mp4,10,8,7,6,9,1,1,1,1,1
test0988.mp4,17,19,49,13,24,2,2,6,2,3
test0989.mp4,0,49,1,31,48,0,6,0,3,6
test0990.mp4,10,8,9,7,21,1,1,1,1,2
test0991.mp4,9,10,8,24,21,1,1,1,3,2
test0992.mp4,7,31,24,0,2,1,3,3,0,0
test0993.mp4,6,9,7,8,10,1,1,1,1,1
test0994.mp4,9,10,8,6,24,1,1,1,1,3
test0995.mp4,21,10,13,16,8,2,1,2,2,1
test0996.mp4,8,49,10,9,24,1,6,1,1,3
test0997.mp4,10,9,8,5,7,1,1,1,1,1
test0998.mp4,22,38,40,39,44,2,5,5,5,5
test0999.mp4,32,12,39,35,38,4,2,5,4,5
test1000.mp4,48,49,12,15,7,6,6,2,2,1
test1001.mp4,9,10,8,24,21,1,1,1,3,2
test1002.mp4,9,10,8,5,7,1,1,1,1,1
test1003.mp4,10,8,9,21,7,1,1,1,2,1
test1004.mp4,10,8,7,9,5,1,1,1,1,1
test1005.mp4,22,41,43,15,17,2,5,5,2,2
test1006.mp4,22,9,8,49,12,2,1,1,6,2
test1007.mp4,48,49,9,17,7,6,6,1,2,1
test1008.mp4,33,15,12,22,23,4,2,2,2,2
test1009.mp4,30,29,7,49,9,3,3,1,6,1
test1010.mp4,1,36,34,17,4,0,4,4,2,0
test1011.mp4,27,16,13,10,26,3,2,2,1,3
test1012.mp4,17,22,19,15,30,2,2,2,2,3
test1013.mp4,30,12,28,26,29,3,2,3,3,3
test1014.mp4,9,5,6,8,7,1,1,1,1,1
test1015.mp4,31,24,7,30,21,3,3,1,3,2
test1016.mp4,9,8,0,36,10,1,1,0,4,1
test1017.mp4,21,6,7,8,10,2,1,1,1,1
test1018.mp4,0,31,10,9,7,0,3,1,1,1
test1019.mp4,6,7,48,1,11,1,1,6,0,2
test1020.mp4,22,17,20,19,48,2,2,2,2,6
test1021.mp4,18,17,7,48,22,2,2,1,6,2
test1022.mp4,17,22,15,40,19,2,2,2,5,2
test1023.mp4,24,31,21,26,30,3,3,2,3,3
test1024.mp4,7,10,8,9,6,1,1,1,1,1
test1025.mp4,41,42,40,22,43,5,5,5,2,5
test1026.mp4,48,29,6,17,9,6,3,1,2,1
test1027.mp4,9,10,8,6,21,1,1,1,1,2
test1028.mp4,51,50,22,40,16,6,6,2,5,2
test1029.mp4,23,20,19,8,22,2,2,2,1,2
test1030.mp4,9,10,8,7,6,1,1,1,1,1
test1031.mp4,30,29,10,49,26,3,3,1,6,3
test1032.mp4,7,24,10,8,30,1,3,1,1,3
test1033.mp4,20,23,8,19,10,2,2,1,2,1
test1034.mp4,27,26,30,9,29,3,3,3,1,3
test1035.mp4,48,42,29,6,9,6,5,3,1,1
test1036.mp4,41,40,42,22,44,5,5,5,2,5
test1037.mp4,1,10,27,6,9,0,1,3,1,1
test1038.mp4,48,29,30,9,8,6,3,3,1,1
test1039.mp4,24,9,21,8,31,3,1,2,1,3
test1040.mp4,16,22,8,10,23,2,2,1,1,2
test1041.mp4,9,10,8,7,5,1,1,1,1,1
test1042.mp4,10,9,8,7,6,1,1,1,1,1
test1043.mp4,19,20,22,23,7,2,2,2,2,1
test1044.mp4,19,23,5,8,20,2,2,1,1,2
test1045.mp4,13,14,9,10,17,2,2,1,1,2
test1046.mp4,24,10,8,21,31,3,1,1,2,3
test1047.mp4,0,7,8,10,9,0,1,1,1,1
test1048.mp4,15,33,23,19,12,2,4,2,2,2
test1049.mp4,19,20,23,17,22,2,2,2,2,2
test1050.mp4,49,5,50,4,48,6,1,6,0,6
test1051.mp4,9,10,8,7,6,1,1,1,1,1
test1052.mp4,8,10,9,7,49,1,1,1,1,6
test1053.mp4,38,7,39,40,44,5,1,5,5,5
test1054.mp4,10,8,9,7,22,1,1,1,1,2
test1055.mp4,31,0,1,10,9,3,0,0,1,1
test1056.mp4,9,10,8,6,5,1,1,1,1,1
test1057.mp4,11,9,14,7,8,2,1,2,1,1
test1058.mp4,36,9,8,0,10,4,1,1,0,1
test1059.mp4,27,26,31,30,10,3,3,3,3,1
test1060.mp4,5,4,21,22,7,1,0,2,2,1
test1061.mp4,10,7,8,9,17,1,1,1,1,2
test1062.mp4,20,23,8,19,10,2,2,1,2,1
test1063.mp4,10,49,9,24,8,1,6,1,3,1
test1064.mp4,28,30,29,33,4,3,3,3,4,0
test1065.mp4,17,48,23,19,13,2,6,2,2,2
test1066.mp4,10,8,9,7,49,1,1,1,1,6
test1067.mp4,48,49,23,22,8,6,6,2,2,1
test1068.mp4,41,43,46,42,40,5,5,5,5,5
test1069.mp4,9,10,8,6,5,1,1,1,1,1
test1070.mp4,0,10,49,1,8,0,1,6,0,1
test1071.mp4,10,8,9,0,7,1,1,1,0,1
test1072.mp4,42,38,40,5,6,5,5,5,1,1
test1073.mp4,8,10,7,6,26,1,1,1,1,3
test1074.mp4,20,28,19,23,21,2,3,2,2,2
test1075.mp4,11,7,6,10,8,2,1,1,1,1
test1076.mp4,19,20,17,8,7,2,2,2,1,1
test1077.mp4,15,22,48,33,30,2,2,6,4,3
test1078.mp4,9,8,10,7,6,1,1,1,1,1
test1079.mp4,10,8,7,0,9,1,1,1,0,1
test1080.mp4,21,14,16,6,23,2,2,2,1,2
test1081.mp4,10,8,9,7,22,1,1,1,1,2
test1082.mp4,10,8,9,7,0,1,1,1,1,0
test1083.mp4,9,10,8,21,6,1,1,1,2,1
test1084.mp4,23,20,21,22,5,2,2,2,2,1
test1085.mp4,22,24,8,16,31,2,3,1,2,3
test1086.mp4,15,17,19,33,49,2,2,2,4,6
test1087.mp4,42,40,38,39,43,5,5,5,5,5
test1088.mp4,21,7,10,8,6,2,1,1,1,1
test1089.mp4,11,37,9,17,31,2,4,1,2,3
test1090.mp4,9,22,8,10,5,1,2,1,1,1
test1091.mp4,49,48,24,2,1,6,6,3,0,0
test1092.mp4,29,31,26,24,27,3,3,3,3,3
test1093.mp4,42,40,41,10,7,5,5,5,1,1
test1094.mp4,7,10,6,9,8,1,1,1,1,1
test1095.mp4,7,9,49,10,8,1,1,6,1,1
test1096.mp4,5,9,21,23,6,1,1,2,2,1
test1097.mp4,13,30,48,22,29,2,3,6,2,3
test1098.mp4,10,8,9,7,16,1,1,1,1,2
test1099.mp4,14,23,22,13,19,2,2,2,2,2
test1100.mp4,23,20,19,8,22,2,2,2,1,2
test1101.mp4,49,48,7,24,0,6,6,1,3,0
test1102.mp4,10,8,9,7,22,1,1,1,1,2
test1103.mp4,49,22,12,42,48,6,2,2,5,6
test1104.mp4,21,10,8,9,7,2,1,1,1,1
test1105.mp4,17,22,18,7,19,2,2,2,1,2
test1106.mp4,36,49,48,12,34,4,6,6,2,4
test1107.mp4,9,8,49,10,6,1,1,6,1,1
test1108.mp4,8,7,50,49,24,1,1,6,6,3
test1109.mp4,21,1,4,31,29,2,0,0,3,3
test1110.mp4,42,41,40,10,43,5,5,5,1,5
test1111.mp4,10,9,8,7,5,1,1,1,1,1
test1112.mp4,31,0,10,7,21,3,0,1,1,2
test1113.mp4,10,8,9,7,5,1,1,1,1,1
test1114.mp4,8,10,7,9,6,1,1,1,1,1
test1115.mp4,31,10,9,0,21,3,1,1,0,2
test1116.mp4,8,10,49,7,9,1,1,6,1,1
test1117.mp4,10,9,8,7,22,1,1,1,1,2
test1118.mp4,8,10,7,9,6,1,1,1,1,1
test1119.mp4,17,22,18,7,19,2,2,2,1,2
test1120.mp4,2,24,7,31,9,0,3,1,3,1
test1121.mp4,8,7,10,6,5,1,1,1,1,1
test1122.mp4,34,0,9,8,36,4,0,1,1,4
test1123.mp4,12,5,22,9,42,2,1,2,1,5
test1124.mp4,0,9,49,1,48,0,1,6,0,6
test1125.mp4,17,19,18,22,48,2,2,2,2,6
test1126.mp4,9,5,6,7,10,1,1,1,1,1
test1127.mp4,9,7,5,8,10,1,1,1,1,1
test1128.mp4,17,48,23,19,13,2,6,2,2,2
test1129.mp4,7,8,9,10,5,1,1,1,1,1
test1130.mp4,7,8,10,9,5,1,1,1,1,1
test1131.mp4,49,7,48,27,23,6,1,6,3,2
test1132.mp4,8,10,7,6,37,1,1,1,1,4
test1133.mp4,8,36,10,0,49,1,4,1,0,6
test1134.mp4,31,0,10,21,1,3,0,1,2,0
test1135.mp4,17,23,7,48,49,2,2,1,6,6
test1136.mp4,12,15,33,22,35,2,2,4,2,4
test1137.mp4,22,10,8,9,12,2,1,1,1,2
